{"count":1,"self":4.1823456,"total":4.4301265999999995,"children":{"AgentResetIfDone":{"count":367,"self":0.004973,"total":0.004973,"children":null},"AgentSendState":{"count":367,"self":0.0049609,"total":0.0099341999999999989,"children":{"CollectObservations":{"count":62,"self":0.0049733,"total":0.0049733,"children":null}}},"DecideAction":{"count":367,"self":0.2198609,"total":0.2198609,"children":null},"AcademyStep":{"count":367,"self":0.0019993,"total":0.0019993,"children":null},"AgentAct":{"count":367,"self":0.0060257999999999996,"total":0.0060257999999999996,"children":null}}}