{"count":1,"self":34.3304544,"total":34.6080001,"children":{"AgentResetIfDone":{"count":851,"self":0.0219381,"total":0.0219381,"children":null},"AgentSendState":{"count":851,"self":0.010937599999999999,"total":0.013926,"children":{"CollectObservations":{"count":43,"self":0.0029884,"total":0.0029884,"children":null}}},"DecideAction":{"count":851,"self":0.2207573,"total":0.2207573,"children":null},"AcademyStep":{"count":851,"self":0.0089896,"total":0.0089896,"children":null},"AgentAct":{"count":851,"self":0.0099401,"total":0.0099401,"children":null}}}