{"count":1,"self":73.9886848,"total":77.354986799999992,"children":{"AgentResetIfDone":{"count":6316,"self":0.10338829999999999,"total":0.10338829999999999,"children":null},"AgentSendState":{"count":6316,"self":0.10127349999999999,"total":0.16784269999999998,"children":{"CollectObservations":{"count":1057,"self":0.0665692,"total":0.0665692,"children":null}}},"DecideAction":{"count":6316,"self":2.9900324,"total":2.9900325,"children":null},"AcademyStep":{"count":6316,"self":0.052343799999999996,"total":0.052343799999999996,"children":null},"AgentAct":{"count":6316,"self":0.0526935,"total":0.0526935,"children":null}}}