{"count":1,"self":10.5473824,"total":276.8497919,"children":{"AgentResetIfDone":{"count":12334,"self":0.93336559999999991,"total":0.93336559999999991,"children":null},"AgentSendState":{"count":12334,"self":3.3287245999999997,"total":4.9001677,"children":{"CollectObservations":{"count":101182,"self":1.5714431,"total":1.5714431,"children":null}}},"DecideAction":{"count":12334,"self":172.36043519999998,"total":260.0202577,"children":{"AgentInfo.ToProto":{"count":12334,"self":87.6598144,"total":87.6598175,"children":null}}},"AcademyStep":{"count":12334,"self":0.2014775,"total":0.2014775,"children":null},"AgentAct":{"count":12334,"self":0.2441187,"total":0.2441187,"children":null}}}