{"count":1,"self":41.821257599999996,"total":50.3918217,"children":{"AgentResetIfDone":{"count":2764,"self":0.0768454,"total":0.0768454,"children":null},"AgentSendState":{"count":2764,"self":0.21537289999999998,"total":0.2678375,"children":{"CollectObservations":{"count":2763,"self":0.0524646,"total":0.0524646,"children":null}}},"DecideAction":{"count":2764,"self":8.130386399999999,"total":8.1303865,"children":null},"AcademyStep":{"count":2764,"self":0.039575599999999996,"total":0.039575599999999996,"children":null},"AgentAct":{"count":2764,"self":0.053924799999999995,"total":0.053924799999999995,"children":null}}}