{"count":1,"self":9.1080911999999987,"total":9.2905482,"children":{"AgentResetIfDone":{"count":189,"self":0.0059711,"total":0.0059711,"children":null},"AgentSendState":{"count":189,"self":0.0080661999999999991,"total":0.0100621,"children":{"CollectObservations":{"count":90,"self":0.0019959,"total":0.0019959,"children":null}}},"DecideAction":{"count":189,"self":0.1534417,"total":0.1534417,"children":null},"AcademyStep":{"count":189,"self":0.0040206,"total":0.0040206,"children":null},"AgentAct":{"count":189,"self":0.0069881,"total":0.0069881,"children":null}}}